{
  "total_samples": 10,
  "successful": 10,
  "errors": 0,
  "bleu_scores": {
    "corpus_bleu": 31.264630987804246,
    "corpus_bleu_bp": 0.9474410026196814,
    "sentence_bleu_mean": 31.003570084389164,
    "sentence_bleu_std": 8.451687237383764,
    "sentence_bleu_min": 22.016013044087533,
    "sentence_bleu_max": 49.37908165842953,
    "sentence_scores": [
      30.007968145278493,
      26.324735449545475,
      29.033407978324767,
      36.64272306730274,
      39.21532979172325,
      49.37908165842953,
      28.81496335824311,
      22.016013044087533,
      25.679210092247647,
      22.922268258709085
    ]
  },
  "translation_times": {
    "mean": 50.44950141906738,
    "std": 0.6449917154401116,
    "min": 49.88627362251282,
    "max": 51.62743377685547,
    "total": 504.4950141906738
  }
}